Workbook

Sheet DATA
A2: 稼働データ項目 | B2: Blk.1
A3: 機械番号 | B3: No.10
A4: 機械型式 | B4: KDP
A5: 日産数-目標 | B5: 5000
A6: 日産数-実績 | B6: 3179
A7: 異常発生数 | B7: 12
A8: 全稼働時間/分 | B8: 304
A9: 定時稼働時間/分 | B9: 304
A10: 単純停止時間/分 | B10: 136
A11: 異常停止時間/分 | B11: 25
A12: 刃具交換時間/分 | B12: 9
A13: 段替え時間/分 | B13: 0
A14: 故障停止時間/分 | B14: 0
A15: 材料切れ時間/分 | B15: 66
A16: 不明時間/分 | B16: 0
... A1529: ZF1499 | B1529: 0

Sheet VIEW
B1: 設備稼働データ詳細
B2: 1.概要データ
B3: 設備 情報 | C3: 機械番号 | D3: =DATA!B3 -> No.10
C4: 機械型式 | D4: =DATA!B4 -> KDP
B5: 日産数 | C5: 目標 | D5: =DATA!B5 -> 5000
C6: 実績 | D6: =DATA!B6 -> 3179
B7: 異常発生数 | D7: =DATA!B7 -> 12
B8: 全稼働時間/分 | D8: =DATA!B8 -> 304
B9: 定時 データ | C9: 定時稼働時間/分 | D9: =DATA!B9 -> 304
C10: 単純停止時間/分 | D10: =DATA!B10 -> 136
C11: 異常停止時間/分 | D11: =DATA!B11 -> 25
C12: 刃具交換時間/分 | D12: =DATA!B12 -> 9
C13: 段替え時間/分 | D13: =DATA!B13 -> 0
C14: 故障停止時間/分 | D14: =DATA!B14 -> 0
C15: 材料切れ時間/分 | D15: =DATA!B15 -> 66
C16: 不明時間/分 | D16: =DATA!B16 -> 0
B17: 定時稼働率/% | D17: =DATA!B17 -> 56.3
B23: 2.時系列データ
B24: 時 刻 | C24: 稼働データ | D24: 稼動内容
B25: 0.33333333 | C25: =DATA!B280 -> 16 | D25: =_xlfn.IFS(C25=0,"データなし",C25=1,"刃具交換",C25=2,"段替え",C25=3,"故障停止",C25=4,"材料切れ",C25=15,"自動中",C25=16,"単純停止",C25=20,"異常中") -> 単純停止
B26: 0.33402778 | C26: =DATA!B281 -> 16 | D26: =_xlfn.IFS(C26=0,"データなし",C26=1,"刃具交換",C26=2,"段替え",C26=3,"故障停止",C26=4,"材料切れ",C26=15,"自動中",C26=16,"単純停止",C26=20,"異常中") -> 単純停止
B27: 0.33472222 | C27: =DATA!B282 -> 16 | D27: =_xlfn.IFS(C27=0,"データなし",C27=1,"刃具交換",C27=2,"段替え",C27=3,"故障停止",C27=4,"材料切れ",C27=15,"自動中",C27=16,"単純停止",C27=20,"異常中") -> 単純停止
B28: 0.33541667 | C28: =DATA!B283 -> 15 | D28: =_xlfn.IFS(C28=0,"データなし",C28=1,"刃具交換",C28=2,"段替え",C28=3,"故障停止",C28=4,"材料切れ",C28=15,"自動中",C28=16,"単純停止",C28=20,"異常中") -> 自動中
B29: 0.33611111 | C29: =DATA!B284 -> 15 | D29: =_xlfn.IFS(C29=0,"データなし",C29=1,"刃具交換",C29=2,"段替え",C29=3,"故障停止",C29=4,"材料切れ",C29=15,"自動中",C29=16,"単純停止",C29=20,"異常中") -> 自動中
B30: 0.33680556 | C30: =DATA!B285 -> 15 | D30: =_xlfn.IFS(C30=0,"データなし",C30=1,"刃具交換",C30=2,"段替え",C30=3,"故障停止",C30=4,"材料切れ",C30=15,"自動中",C30=16,"単純停止",C30=20,"異常中") -> 自動中
B31: 0.3375 | C31: =DATA!B286 -> 15 | D31: =_xlfn.IFS(C31=0,"データなし",C31=1,"刃具交換",C31=2,"段替え",C31=3,"故障停止",C31=4,"材料切れ",C31=15,"自動中",C31=16,"単純停止",C31=20,"異常中") -> 自動中
B32: 0.33819444 | C32: =DATA!B287 -> 15 | D32: =_xlfn.IFS(C32=0,"データなし",C32=1,"刃具交換",C32=2,"段替え",C32=3,"故障停止",C32=4,"材料切れ",C32=15,"自動中",C32=16,"単純停止",C32=20,"異常中") -> 自動中
B33: 0.33888889 | C33: =DATA!B288 -> 15 | D33: =_xlfn.IFS(C33=0,"データなし",C33=1,"刃具交換",C33=2,"段替え",C33=3,"故障停止",C33=4,"材料切れ",C33=15,"自動中",C33=16,"単純停止",C33=20,"異常中") -> 自動中
B34: 0.33958333 | C34: =DATA!B289 -> 15 | D34: =_xlfn.IFS(C34=0,"データなし",C34=1,"刃具交換",C34=2,"段替え",C34=3,"故障停止",C34=4,"材料切れ",C34=15,"自動中",C34=16,"単純停止",C34=20,"異常中") -> 自動中
B35: 0.34027778 | C35: =DATA!B290 -> 15 | D35: =_xlfn.IFS(C35=0,"データなし",C35=1,"刃具交換",C35=2,"段替え",C35=3,"故障停止",C35=4,"材料切れ",C35=15,"自動中",C35=16,"単純停止",C35=20,"異常中") -> 自動中
B36: 0.34097222 | C36: =DATA!B291 -> 20 | D36: =_xlfn.IFS(C36=0,"データなし",C36=1,"刃具交換",C36=2,"段替え",C36=3,"故障停止",C36=4,"材料切れ",C36=15,"自動中",C36=16,"単純停止",C36=20,"異常中") -> 異常中
... B984: 0.99930556 | C984: =DATA!B1239 -> 4 | D984: =_xlfn.IFS(C984=0,"データなし",C984=1,"刃具交換",C984=2,"段替え",C984=3,"故障停止",C984=4,"材料切れ",C984=15,"自動中",C984=16,"単純停止",C984=20,"異常中") -> 材料切れ
